index,zipcode,state,city,lon,lat,v1,v2
"36","12967","NY","NORTH LAWRENCE",74.665307,44.774982,943,0.000052 
"29","63371","MO","PAYNESVILLE",90.907268,39.258679,182,0.000036 
"29","64670","MO","PATTONSBURG",94.134295,40.042756,855,0.000167 
"37","28365","NC","MOUNT OLIVE",78.09834,35.210923,8636,0.001303 
"05","71646","AR","HAMBURG",91.802265,33.2058,5422,0.002307 
"48","75938","TX","ROCKLAND",94.421811,30.909226,836,0.000049 
"40","74966","OK","WISTER",94.783205,34.955593,3656,0.001162 
"46","57246","SD","LABOLT",96.689209,45.041458,188,0.00027 
"39","43609","OH","TOLEDO",83.577282,41.629761,29228,0.002695 
"46","57017","SD","COLMAN",96.818882,43.955761,1013,0.001455 
"42","15367","PA","VENETIA",80.059849,40.275451,3568,0.0003 
"48","75010","TX","CARROLLTON",96.877746,33.030414,4379,0.000258 
"36","12059","NY","EAST BERNE",74.055488,42.61913,2224,0.000124 
"37","27889","NC","WASHINGTON",77.140356,35.588392,865,0.00013 
"29","64076","MO","ODESSA",93.975731,38.982938,8790,0.001718 
"19","51555","IA","MISSOURI VALLEY",95.891346,41.564399,4330,0.001559 
"08","81055","CO","CUCHARA",105.012994,37.498292,1234,0.000375 
"40","74576","OK","WARDVILLE",96.020958,34.568791,756,0.00024 
"48","78580","TX","RAYMONDVILLE",97.79666,26.479243,11642,0.000685 
"17","61770","IL","SAYBROOK",88.524656,40.432005,1051,0.000092 
"45","29910","SC","BLUFFTON",80.872079,32.251275,6912,0.001982 
"21","42729","KY","CUB RUN",86.08132,37.314855,609,0.000165 
"28","39422","MS","BAY SPRINGS",89.233768,31.944939,6778,0.002634 
"31","68422","NE","PICKRELL",96.734444,40.382117,512,0.000324 
"33","03301","NH","CONCORD",71.527734,43.218525,34035,0.030683 
"28","38732","MS","CLEVELAND",90.730871,33.743002,20953,0.008143 
"09","06277","CT","THOMPSON",71.837587,41.980285,2960,0.0009 
"40","74470","OK","WEBBERS FALLS",95.165881,35.513787,1530,0.000486 
"48","76679","TX","PURDON",96.585619,31.948285,752,0.000044 
"48","77015","TX","HOUSTON",95.185189,29.785287,42008,0.002473 
"19","50041","IA","BRADFORD",93.218068,42.610434,406,0.000146 
"48","76853","TX","LOMETA",98.400553,31.216712,1215,0.000072 
"42","18930","PA","KINTNERSVILLE",75.211708,40.531009,2997,0.000252 
"48","76225","TX","ALVORD",97.688488,33.36982,1748,0.000103 
"37","28078","NC","CORNELIUS",80.864664,35.421992,15259,0.002302 
"48","77002","TX","HOUSTON",95.359361,29.759366,7658,0.000451 
"34","07109","NJ","BELLEVILLE",74.163119,40.79458,34924,0.004518 
"48","75941","TX","DIBOLL",94.772911,31.195028,7686,0.000452 
"18","46544","IN","MISHAWAKA",86.162301,41.650659,29911,0.005395 
"36","10528","NY","HARRISON",73.718068,40.971876,11601,0.000645 
"55","53147","WI","LAKE GENEVA",88.455379,42.588111,11183,0.002286 
"36","10604","NY","EAST WHITE PLAIN",73.750727,41.043295,8899,0.000495 
"54","26201","WV","TENNERTON",80.217824,38.98407,16829,0.009383 
"20","66619","KS","PAULINE",95.700728,38.942859,2952,0.001191 
"54","26404","WV","MEADOWBROOK",80.325668,39.335367,1373,0.000766 
"42","18829","PA","LE RAYSVILLE",76.179604,41.843415,1020,0.000086 
"23","04003","ME","BAILEY ISLAND",69.995175,43.734147,464,0.000378 
"55","54909","WI","ALMOND",89.358364,44.289832,2002,0.000409 
"19","51550","IA","MAGNOLIA",95.854955,41.708177,631,0.000227 
"12","33963","FL","NAPLES",81.808092,26.263499,14863,0.001149 
"13","31032","GA","GRAY",83.539951,33.017177,8781,0.001355 
"49","84108","UT","SALT LAKE CITY",111.825822,40.737136,16873,0.009794 
"37","28578","NC","SEVEN SPRINGS",77.914621,35.210466,2228,0.000336 
"19","50458","IA","NORA SPRINGS",93.000221,43.147858,1849,0.000666 
"27","55806","MN","DULUTH",92.127871,46.771457,9723,0.002222 
"17","60015","IL","DEERFIELD",87.859033,42.170494,22048,0.001929 
"20","66439","KS","HORTON",95.529858,39.678883,2556,0.001032 
"36","12603","NY","ARLINGTON",73.885217,41.676775,40724,0.002264 
"48","77039","TX","HOUSTON",95.33338,29.906731,23839,0.001403 
"45","29836","SC","MARTIN",81.500304,33.109286,566,0.000162 
"25","02181","MA","WELLESLEY",71.287966,42.305593,26615,0.004424 
"36","12758","NY","LIVINGSTON MANOR",74.827028,41.87779,4510,0.000251 
"51","24444","VA","HIGHTOWN",79.592927,38.464597,192,0.000031 
"22","70543","LA","IOTA",92.532201,30.300081,5338,0.001265 
"37","27858","NC","GREENVILLE",77.348505,35.586567,31246,0.004714 
"39","45631","OH","GALLIPOLIS",82.22902,38.814781,18163,0.001674 
"12","33158","FL","MIAMI",80.318703,25.636433,6037,0.000467 
"27","56754","MN","SAINT HILAIRE",96.224914,48.010871,873,0.0002 
"47","37914","TN","KNOXVILLE",83.849624,35.991755,19867,0.004073 
"06","92679","CA","COTO DE CAZA",117.577709,33.634576,6067,0.000204 
"36","12018","NY","AVERILL PARK",73.550437,42.636511,6528,0.000363 
"21","40489","KY","WAYNESBURG",84.665486,37.349932,4024,0.001092 
"41","97909","OR","JAMIESON",117.437269,44.181873,53,0.000019 
"20","67755","KS","RUSSELL SPRINGS",101.2759,38.868374,243,0.000098 
"27","55803","MN","DULUTH",92.094057,46.874913,14740,0.003369 
"17","60549","IL","SERENA",88.75089,41.499481,830,0.000073 
"21","40873","KY","WALLINS CREEK",83.418968,36.816532,3386,0.000919 
"26","48009","MI","BIRMINGHAM",83.213255,42.544396,19611,0.00211 
"20","66758","KS","NEOSHO FALLS",95.549732,37.966883,392,0.000158 
"51","23148","VA","INDIAN NECK",77.084206,37.905052,191,0.000031 
"06","90025","CA","LOS ANGELES",118.448717,34.044662,37746,0.001268 
"22","71344","LA","71344",91.862893,31.433458,989,0.000234 
"28","39338","MS","LOUIN",89.219935,32.099713,1991,0.000774 
"34","08092","NJ","WEST CREEK",74.288508,39.662665,2502,0.000324 
"06","94563","CA","ORINDA",122.172848,37.878659,16883,0.000567 
"46","57454","SD","LANGFORD",97.792547,45.617381,626,0.000899 
"27","56025","MN","EASTON",93.933994,43.758126,793,0.000181 
"13","31626","GA","BOSTON",83.797085,30.785547,2808,0.000433 
"19","51447","IA","KIRKMAN",95.267083,41.73076,395,0.000142 
"35","87111","NM","ALBUQUERQUE",106.522164,35.134724,47455,0.031322 
"50","05046","VT","GROTON",72.217548,44.220435,862,0.001532 
"48","78419","TX","CORPUS CHRISTI",97.27636,27.692502,1873,0.00011 
"37","28393","NC","TURKEY",78.212086,34.985673,3224,0.000486 
"45","29714","SC","FORT LAWN",80.909175,34.70064,2106,0.000604 
"06","95698","CA","ZAMORA",121.90654,38.799896,317,0.000011 
"39","44855","OH","NORTH FAIRFIELD",82.599801,41.102987,1229,0.000113 
"06","93703","CA","FRESNO",119.759401,36.768445,30457,0.001023 
"18","47514","IN","BRANCHVILLE",86.585866,38.157189,1314,0.000237 
"42","19373","PA","THORNTON",75.531344,39.904127,2305,0.000194 
"26","49876","MI","QUINNESEC",87.992151,45.799866,1313,0.000141 
"46","57071","SD","VOLGA",96.925148,44.322354,1562,0.002244 
"42","19072","PA","NARBERTH",75.2594,40.01768,9846,0.000829 
"42","17233","PA","MC CONNELLSBURG",77.990117,39.944251,2529,0.000213 
"06","92583","CA","GILMAN HOT SPRIN",116.955201,33.78604,15506,0.000521 
"11","20024","DC","WASHINGTON",77.016028,38.875939,11562,0.019051 
"24","21622","MD","CHURCH CREEK",76.169569,38.427815,593,0.000124 
"36","10456","NY","BRONX",73.909893,40.831557,70157,0.0039 
"55","54488","WI","UNITY",90.322074,44.822676,1797,0.000367 
"47","37137","TN","NUNNELLY",87.506661,35.87627,2176,0.000446 
"09","06053","CT","NEW BRITAIN",72.790835,41.686667,37995,0.011559 
"41","97441","OR","GARDINER",124.143695,43.785736,14,5E-6 
"17","61810","IL","ALLERTON",87.931235,39.918818,405,0.000035 
"45","29063","SC","IRMO",81.196553,34.110254,15479,0.004439 
"21","42285","KY","KYROCK",86.29569,37.252343,416,0.000113 
"37","28530","NC","GRIFTON",77.4193,35.375681,3029,0.000457 
"05","72301","AR","WEST MEMPHIS",90.17792,35.148442,28720,0.012218 
"48","79043","TX","HART",102.115534,34.387838,1430,0.000084 
"55","54023","WI","ROBERTS",92.559773,44.987356,2063,0.000422 
"54","25434","WV","PAW PAW",78.458573,39.492297,1696,0.000946 
"19","50801","IA","NEVINVILLE",94.369151,41.062384,9548,0.003439 
"26","48504","MI","NORTHWEST",83.729908,43.04247,40445,0.004351 
"06","95013","CA","COYOTE",121.746021,37.216721,316,0.000011 
"27","55380","MN","SILVER CREEK",93.949622,45.326474,1835,0.000419 
"40","73944","OK","HARDESTY",101.153944,36.601754,450,0.000143 
"01","35150","AL","SYLACAUGA",86.271257,33.171675,24424,0.006045 
"39","45863","OH","MIDDLE POINT",84.417495,40.873147,2691,0.000248 
"37","28467","NC","CALABASH",78.574406,33.904668,3061,0.000462 
"22","71368","LA","SICILY ISLAND",91.680711,31.850734,1568,0.000372 
"35","87115","NM","KIRTLAND A F B E",106.513896,34.904876,0,0 
"39","45715","OH","BEVERLY",81.634588,39.571435,2715,0.00025 
"23","04079","ME","SOUTH HARPSWELL",69.993709,43.781932,1767,0.001439 
"26","48140","MI","IDA",83.591561,41.854928,2690,0.000289 
"46","57273","SD","WAUBAY",97.294987,45.37837,1437,0.002065 
"06","91342","CA","SYLMAR",118.432181,34.30538,68612,0.002306 
"42","18706","PA","ASHLEY",75.918157,41.206709,7980,0.000672 
"20","67492","KS","WOODBINE",96.961935,38.813064,384,0.000155 
"54","25239","WV","COTTAGEVILLE",81.818609,38.863285,1183,0.00066 
"53","98032","WA","KENT",122.285362,47.377633,31379,0.006448 
"48","76705","TX","BELLMEAD",97.094575,31.610787,18763,0.001105 
"54","25414","WV","CHARLES TOWN",77.856254,39.277085,14351,0.008002 
"40","74108","OK","TULSA",95.792311,36.149893,8018,0.002549 
"26","48453","MI","MARLETTE",83.057253,43.339882,4869,0.000524 
"50","05736","VT","CENTER RUTLAND",73.016986,43.602345,299,0.000531 
"51","23894","VA","WILSONS",77.835193,37.115678,592,0.000096 
"36","11561","NY","LONG BEACH",73.659467,40.587697,39066,0.002171 
"48","77802","TX","BRYAN",96.335143,30.658171,19306,0.001137 
"42","15545","PA","HYNDMAN",78.733512,39.804857,2732,0.00023 
"40","73835","OK","CAMARGO",99.278101,36.021235,233,0.000074 
"51","23337","VA","WALLOPS ISLAND",75.506503,37.827338,0,0 
"54","24983","WV","UNION",80.524767,37.580175,1737,0.000969 
"05","72543","AR","HEBER SPRINGS",92.039211,35.510278,8709,0.003705 
"04","85343","AZ","PALO VERDE",112.646662,33.34848,669,0.000183 
"31","68956","NE","KENESAW",98.657241,40.61645,1076,0.000682 
"51","23039","VA","CROZIER",77.793958,37.671764,937,0.000151 
"46","57055","SD","RENNER",96.711925,43.636625,1444,0.002075 
"41","97520","OR","ASHLAND",122.693033,42.188509,19579,0.006888 
"51","23396","VA","HORSEY",75.56236,37.933232,200,0.000032 
"56","82450","WY","WAPITI",109.432629,44.47967,214,0.000472 
"48","79916","TX","FORT BLISS",106.159157,31.794873,6703,0.000395 
"04","85550","AZ","SAN CARLOS",110.395323,33.310643,2307,0.000629 
"05","72520","AR","CAMP",91.726166,36.402531,401,0.000171 
"42","15477","PA","ROSCOE",79.865617,40.078686,802,0.000067 
"20","67526","KS","ELLINWOOD",98.584872,38.356498,3297,0.001331 
"37","28901","NC","ANDREWS",83.822836,35.195948,4469,0.000674 
"35","88201","NM","ROSWELL",104.525857,33.388504,53644,0.035407 
"21","41464","KY","ROYALTON",82.986669,37.652116,1550,0.000421 
"48","78069","TX","SOMERSET",98.621401,29.211561,3477,0.000205 
"17","62896","IL","WEST FRANKFORT",88.930724,37.897914,11800,0.001032 
"10","19971","DE","DEWEY BEACH",75.107346,38.714715,6249,0.009381 
"54","24945","WV","GREENVILLE",80.676128,37.521184,1139,0.000635 
"12","32542","FL","EGLIN A F B",86.615958,30.479409,13431,0.001038 
"38","58541","ND","GOLDEN VALLEY",102.061229,47.293754,315,0.000493 
"28","38827","MS","BELMONT",88.230912,34.51025,2511,0.000976 
"47","38001","TN","ALAMO",89.176465,35.801697,6528,0.001338 
"06","92595","CA","WILDOMAR",117.263953,33.602115,4758,0.00016 
"26","49619","MI","BRETHREN",85.996396,44.296596,966,0.000104 
"12","33707","FL","SAINT PETERSBURG",82.720791,27.75487,23630,0.001826 
"16","83845","ID","MOYIE SPRINGS",116.179603,48.746434,1496,0.001486 
"21","42088","KY","WINGO",88.739449,36.625282,2643,0.000717 
"55","54465","WI","PICKEREL",88.91365,45.356658,269,0.000055 
"28","38941","MS","ITTA BENA",90.339421,33.479838,6178,0.002401 
"49","84747","UT","FREMONT",111.629233,38.417266,987,0.000573 
"34","08088","NJ","SOUTHAMPTON",74.711025,39.867631,25480,0.003296 
"48","79902","TX","EL PASO",106.493165,31.776317,26404,0.001554 
"45","29556","SC","KINGSTREE",79.783221,33.687841,16365,0.004694 
"31","68432","NE","SAINT MARY",96.289972,40.444756,259,0.000164 
"41","97376","OR","SEAL ROCK",124.060708,44.477749,1845,0.000649 
"02","99733","AK","CIRCLE",144.08262,65.824542,73,0.000133 
"41","97055","OR","SANDY",122.223049,45.378954,12936,0.004551 
"21","40828","KY","LOUELLEN",83.181648,36.855294,4578,0.001242 
"45","29436","SC","CROSS",80.185901,33.336373,3016,0.000865 
"06","94585","CA","SUISUN CITY",122.042003,38.240834,31081,0.001044 
"27","55808","MN","DULUTH",92.22261,46.681002,5903,0.001349 
"48","77375","TX","TOMBALL",95.62006,30.073923,19801,0.001166 
"12","32650","FL","32650",82.320713,28.851002,15207,0.001175 
"35","88125","NM","MILNESAND",103.278189,33.60501,10,7E-6 
"31","69352","NE","LYMAN",104.006569,41.891765,988,0.000626 
"36","12956","NY","MINEVILLE",73.523588,44.087631,1868,0.000104 
"26","48154","MI","LIVONIA",83.377157,42.395796,43007,0.004627 
"21","41044","KY","GERMANTOWN",83.960616,38.707534,88,0.000024 
"49","84082","UT","WALLSBURG",111.464934,40.365697,649,0.000377 
"39","44646","OH","MASSILLON",81.497263,40.811605,45092,0.004157 
"41","97107","OR","BAY CITY",123.876075,45.519658,1483,0.000522 
"13","30136","GA","DULUTH",84.157936,33.98619,30932,0.004775 
"48","76567","TX","ROCKDALE",97.0079,30.658282,8052,0.000474 
"42","19475","PA","SPRING CITY",75.56969,40.176477,7988,0.000672 
"27","56721","MN","EAST GRAND FORKS",97.021262,47.931802,8830,0.002018 
"18","47634","IN","RICHLAND",87.200957,37.913599,2862,0.000516 
"29","64771","MO","MOUNDVILLE",94.449645,37.747637,478,0.000093 
"42","17038","PA","JONESTOWN",76.503842,40.43607,5098,0.000429 
"13","31527","GA","JEKYLL ISLAND",81.41281,31.074049,1150,0.000178 
"19","51022","IA","GRANVILLE",95.897167,42.969252,592,0.000213 
"38","58438","ND","FESSENDEN",99.643361,47.628644,1297,0.00203 
"31","68305","NE","AUBURN",95.852646,40.378889,4296,0.002722 
"53","98370","WA","POULSBO",122.627721,47.742278,20554,0.004223 
"24","21672","MD","TODDVILLE",76.059634,38.272592,361,0.000075 
"06","95717","CA","GOLD RUN",120.856909,39.175102,79,3E-6 
"40","74360","OK","PICHER",94.817301,36.979961,3019,0.00096 
"06","94132","CA","SAN FRANCISCO",122.47545,37.721118,23632,0.000794 
"17","62351","IL","MENDON",91.289923,40.085658,1462,0.000128 
"06","91501","CA","BURBANK",118.300898,34.186238,15991,0.000537 
"13","31081","GA","RUPERT",84.273753,32.432524,208,0.000032 
"46","57777","SD","REDOWL",102.65923,44.720224,16,0.000023 
"05","71730","AR","EL DORADO",92.662856,33.20735,35308,0.01502 
"37","28773","NC","SALUDA",82.330595,35.238341,1451,0.000219 
"37","28670","NC","RONDA",80.926964,36.20594,2739,0.000413 
"06","94111","CA","SAN FRANCISCO",122.400147,37.797376,3122,0.000105 
"42","17070","PA","NEW CUMBERLAND",76.868909,40.215105,15037,0.001266 
"29","64843","MO","GOODMAN",94.39855,36.732335,2025,0.000396 
"47","38030","TN","FINLEY",89.513403,36.016938,830,0.00017 
"53","98661","WA","VANCOUVER",122.625146,45.641807,28837,0.005925 
"17","60097","IL","WONDER LAKE",88.353364,42.384908,8401,0.000735 
"10","19802","DE","WILMINGTON",75.534041,39.75638,27411,0.041147 
"21","40071","KY","TAYLORSVILLE",85.382861,38.047054,7048,0.001912 
"05","72946","AR","MOUNTAINBURG",94.109094,35.570027,4762,0.002026 
"12","33625","FL","TAMPA",82.558987,28.072551,14778,0.001142 
"12","34648","FL","LARGO",82.795946,27.884391,13347,0.001032 
"26","48469","MI","PORT SANILAC",82.546794,43.43292,254,0.000027 
"35","87410","NM","AZTEC",108.010982,36.820499,10951,0.007228 
"36","14085","NY","LAKE VIEW",78.932693,42.721535,4936,0.000274 
"36","12529","NY","HILLSDALE",73.548306,42.186816,3084,0.000171 
"53","98816","WA","CHELAN",120.027306,47.848263,4949,0.001017 
"01","36106","AL","MONTGOMERY",86.267278,32.354268,15744,0.003896 
"19","50551","IA","JOLLEY",94.742338,42.507785,296,0.000107 
"33","03570","NH","BERLIN",71.189236,44.48107,12892,0.011622 
"04","85322","AZ","ARLINGTON",112.789058,33.313317,329,0.00009 
"48","78717","TX","AUSTIN",97.747187,30.505972,2516,0.000148 
"29","63771","MO","ORAN",89.673364,37.086977,1827,0.000357 
"34","07102","NJ","NEWARK",74.176505,40.73201,10328,0.001336 
"23","04841","ME","ROCKLAND",69.113938,44.112326,8975,0.007309 
"18","47556","IN","MARIAH HILL",86.831593,38.149493,1317,0.000238 
"25","01349","MA","MILLERS FALLS",72.494626,42.576206,1893,0.000315 
"21","42765","KY","MUNFORDVILLE",85.920141,37.289812,4085,0.001108 
"40","74964","OK","WATTS",94.634472,36.115216,2156,0.000685 
"48","79544","TX","ROCHESTER",99.859366,33.310457,707,0.000042 
"29","64651","MO","LACLEDE",93.167971,39.7837,744,0.000145 
"48","75856","TX","PENNINGTON",95.158678,31.161843,565,0.000033 
"47","38477","TN","PROSPECT",87.017384,35.066626,1843,0.000378 
"02","99606","AK","KOKHANOK",155.462556,59.564836,362,0.000658 
"37","27592","NC","WILLOW SPRING",78.671738,35.547031,4672,0.000705 
"16","83870","ID","TENSED",116.902716,47.170735,332,0.00033 
"36","12919","NY","CHAMPLAIN",73.446603,44.977292,2827,0.000157 
"01","36871","AL","PITTSVIEW",85.131248,32.173346,1525,0.000377 
"36","14415","NY","BELLONA",77.021737,42.755442,182,0.00001 
"42","16620","PA","BRISBIN",78.352634,40.838711,369,0.000031 
"05","72205","AR","LITTLE ROCK",92.345512,34.750971,25156,0.010701 
"38","58261","ND","VOSS",97.333727,48.298874,851,0.001332 
"06","92054","CA","OCEANSIDE",117.357294,33.20723,61760,0.002075 
"54","24916","WV","ASBURY",80.565319,37.848766,598,0.000333 
"27","55977","MN","TAOPI",92.633455,43.545783,350,0.00008 
"30","59761","MT","WISDOM",113.472926,45.651915,224,0.00028 
"29","64656","MO","LUDLOW",93.704578,39.655064,355,0.000069 
"25","01107","MA","SPRINGFIELD",72.606544,42.117907,12739,0.002117 
"42","17582","PA","WASHINGTON BORO",76.4402,39.988118,2214,0.000186 
"39","44609","OH","BELOIT",80.989669,40.895678,3205,0.000295 
"01","35214","AL","BIRMINGHAM",86.886989,33.555445,23293,0.005765 
"17","62964","IL","MOUNDS",89.200064,37.11883,2064,0.000181 
"16","83254","ID","MONTPELIER",111.31946,42.35199,4292,0.004263 
"36","11354","NY","FLUSHING",73.824142,40.766722,51947,0.002887 
"29","65237","MO","BUNCETON",92.792695,38.746754,1343,0.000262 
"39","44718","OH","JACKSON BELDEN",81.448514,40.85479,10407,0.000959 
"29","63450","MO","LENTNER",92.148916,39.712269,198,0.000039 
"56","82050","WY","ALBIN",104.150542,41.434237,310,0.000683 
"51","24562","VA","HOWARDSVILLE",78.582355,37.765891,21,3E-6 
"08","80014","CO","AURORA",104.834954,39.666171,31059,0.009428 
"04","85202","AZ","MESA",111.872429,33.385095,40729,0.011112 
"17","60520","IL","HINCKLEY",88.644831,41.769108,2387,0.000209 
"12","34607","FL","SPRING HILL",82.626671,28.506546,5420,0.000419 
"29","64490","MO","HEMPLE",94.51779,39.745465,2110,0.000412 
"05","72046","AR","ENGLAND",91.948422,34.557458,5254,0.002235 
"24","20912","MD","TAKOMA PARK",77.000715,38.983214,24356,0.005094 
"23","04294","ME","WILTON",70.296064,44.59107,227,0.000185 
"45","29440","SC","GEORGETOWN",79.323459,33.430776,29148,0.00836 
"38","58047","ND","HICKSON",96.860941,46.739267,2056,0.003219 
"48","79324","TX","ENOCHS",102.764107,33.850225,53,3E-6 
"39","44093","OH","WILLIAMSFIELD",80.596378,41.538296,1817,0.000168 
"39","44112","OH","EAST CLEVELAND",81.576262,41.535517,41340,0.003811 
"40","73848","OK","LAVERNE",99.891766,36.70625,1747,0.000555 
"48","78040","TX","LAREDO",99.498579,27.515538,43486,0.00256 
"50","05457","VT","FRANKLIN",72.903694,44.961408,1475,0.002621 
"06","93013","CA","CARPINTERIA",119.518257,34.403589,16591,0.000557 
"24","20621","MD","MADDOX",76.782343,38.333197,1240,0.000259 
"42","15380","PA","WIND RIDGE",80.464665,39.897106,554,0.000047 
"42","15622","PA","CHAMPION",79.324719,40.043976,109,9E-6 
"40","74428","OK","COUNCIL HILL",95.711326,35.532175,992,0.000315 
"30","59424","MT","COFFEE CREEK",110.052784,47.339642,175,0.000219 
"37","28382","NC","ROSEBORO",78.504109,34.994081,6495,0.00098 
"12","32425","FL","BONIFAY",85.689962,30.846369,9342,0.000722 
"45","29570","SC","MC COLL",79.559741,34.670406,5224,0.001498 
"19","50027","IA","BARNES CITY",92.470338,41.488269,355,0.000128 
"45","29543","SC","FORK",79.250063,34.28733,916,0.000263 
"39","43152","OH","SOUTH BLOOMINGVI",82.639404,39.374145,1429,0.000132 
"34","08801","NJ","ANNANDALE",74.885512,40.628731,6465,0.000836 
"06","95678","CA","ROSEVILLE",121.302801,38.750895,28285,0.00095 
"39","45213","OH","TAFT",84.418701,39.182905,14333,0.001321 
"31","68971","NE","REPUBLICAN CITY",99.232189,40.103401,429,0.000272 
"13","30124","GA","CAVE SPRING",85.337906,34.116683,2650,0.000409 
"30","59441","MT","FORESTGROVE",109.023294,46.913727,143,0.000179 
"37","27926","NC","CORAPEAKE",76.597852,36.517946,1377,0.000208 
"41","97831","OR","FOX",119.291646,44.660681,47,0.000017 
"28","39154","MS","LEARNED",90.424088,32.23922,7530,0.002926 
"24","21224","MD","BALTIMORE",76.556831,39.287558,53629,0.011216 
"28","39664","MS","SMITHDALE",90.675236,31.367203,1247,0.000485 
"48","75081","TX","RICHARDSON",96.705841,32.946217,30573,0.0018 
"25","01460","MA","LITTLETON",71.487667,42.540132,7066,0.001174 
"29","63939","MO","FAIRDEALING",90.633515,36.670404,617,0.000121 
"13","30535","GA","DEMOREST",83.569625,34.575564,3521,0.000544 
"17","61914","IL","BETHANY",88.754301,39.634754,1983,0.000173 
"17","61433","IL","FIATT",90.162186,40.571779,495,0.000043 
"12","32724","FL","DELAND",81.286341,29.04225,21715,0.001678 
"37","27326","NC","RUFFIN",79.560551,36.442763,4138,0.000624 
"22","71241","LA","FARMERVILLE",92.317955,32.753378,7172,0.0017 
"40","73738","OK","GARBER",97.578899,36.439184,1296,0.000412 
"46","57069","SD","VERMILLION",96.925784,42.795109,11446,0.016445 
"48","77573","TX","LEAGUE CITY",95.096274,29.517281,41580,0.002448 
"19","52778","IA","WILTON",91.009958,41.585801,3032,0.001092 
"18","46175","IN","RUSSELLVILLE",86.966975,39.836598,775,0.00014 
"19","50667","IA","RAYMOND",92.216247,42.467169,367,0.000132 
"06","90211","CA","BEVERLY HILLS",118.383007,34.065217,7746,0.00026 
"47","37185","TN","WAVERLY",87.799108,36.099664,6820,0.001398 
"39","45767","OH","NEW MATAMORAS",81.093998,39.528819,3032,0.00028 
"42","16565","PA","ERIE",80.10011,42.0687,97,8E-6 
"28","39462","MS","NEW AUGUSTA",89.028611,31.130907,2152,0.000836 
"06","93427","CA","BUELLTON",120.192233,34.62093,3883,0.00013 
"55","54961","WI","NEW LONDON",88.755428,44.392847,13037,0.002665 
"31","68840","NE","GIBBON",98.85435,40.744445,1901,0.001204 
"08","80742","CO","NEW RAYMER",103.838982,40.685079,310,0.000094 
"47","37362","TN","OLDFORT",84.721877,35.03654,1522,0.000312 
"27","56477","MN","SEBEKA",95.068055,46.630615,3089,0.000706 
"48","75218","TX","DALLAS",96.697212,32.846335,22646,0.001333 
"18","46133","IN","GLENWOOD",85.273532,39.612436,149,0.000027 
"48","75155","TX","RICE",96.460613,32.225788,1812,0.000107 
"49","84635","UT","HINCKLEY",112.671577,39.330842,983,0.000571 
"05","72951","AR","RATCLIFF",93.842149,35.276032,1392,0.000592 
"28","39466","MS","PICAYUNE",89.691021,30.541796,20116,0.007817 
"08","80750","CO","SNYDER",103.597134,40.330655,134,0.000041 
"26","48164","MI","NEW BOSTON",83.358855,42.144899,9809,0.001055 
"26","48636","MI","LUZERNE",84.246742,44.629594,744,0.00008 
"37","28527","NC","ERNUL",77.050164,35.254693,303,0.000046 
"47","37335","TN","FLINTVILLE",86.497974,35.042782,6020,0.001234 
"48","78590","TX","SAN PERLITA",97.615699,26.483156,886,0.000052 
"48","76631","TX","BYNUM",96.983702,31.990668,496,0.000029 
"21","42743","KY","GREENSBURG",85.523639,37.243009,8471,0.002299 
"21","41092","KY","VERONA",84.690722,38.839012,2169,0.000589 
"39","44730","OH","EAST CANTON",81.278295,40.784983,6154,0.000567 
"20","67037","KS","DERBY",97.254888,37.552976,17109,0.006906 
"31","68659","NE","ROGERS",96.949735,41.469536,208,0.000132 
"29","64116","MO","NORTH KANSAS CIT",94.569882,39.163189,14697,0.002872 
"50","05774","VT","WELLS",73.202684,43.430456,837,0.001487 
"17","62850","IL","JOHNSONVILLE",88.588701,38.525628,1264,0.000111 
"55","53713","WI","FITCHBURG",89.390008,43.037381,18082,0.003696 
"13","31090","GA","TOOMSBORO",83.084427,32.821895,1129,0.000174 
"17","60110","IL","CARPENTERSVILLE",88.2606,42.123004,23550,0.00206 
"48","78355","TX","FALFURRIAS",98.140844,27.22416,7501,0.000442 
"29","64167","MO","KANSAS CITY",94.465291,39.309643,244,0.000048 
"39","44703","OH","CANTON",81.381439,40.809791,11520,0.001062 
"51","22849","VA","SHENANDOAH",78.608975,38.501034,5174,0.000836 
"21","41701","KY","DARFORK",83.199845,37.252641,11851,0.003216 
"06","95485","CA","UPPER LAKE",122.896114,39.160829,1771,0.00006 
"16","83853","ID","PORTHILL",116.477517,48.992037,61,0.000061 
"19","51014","IA","CLEGHORN",95.712436,42.808593,541,0.000195 
"05","72639","AR","HARRIET",92.50055,35.974187,950,0.000404 
"17","61319","IL","MANVILLE",88.742694,40.985827,968,0.000085 
"17","60631","IL","CHICAGO",87.808215,41.995145,25175,0.002202 
"51","24148","VA","RIDGEWAY",79.86859,36.5874,7953,0.001285 
"38","58009","ND","BLANCHARD",97.262079,47.353664,144,0.000225 
"06","95814","CA","SACRAMENTO",121.489404,38.579792,16414,0.000552 
"18","47135","IN","LACONIA",86.084415,38.052703,1058,0.000191 
"34","07436","NJ","OAKLAND",74.233754,41.029436,11997,0.001552 
"20","66508","KS","MARYSVILLE",96.642183,39.842827,4104,0.001656 
"13","30315","GA","ATLANTA",84.380771,33.705062,41061,0.006338 
"19","50860","IA","REDDING",94.359451,40.605312,327,0.000118 
"55","53177","WI","STURTEVANT",87.903082,42.69673,4774,0.000976 
"51","24184","VA","WIRTZ",79.757254,37.081794,1675,0.000271 
"36","13431","NY","POLAND",75.07313,43.211458,1789,0.000099 
"01","35747","AL","GRANT",86.259041,34.495902,8345,0.002065 
"19","50630","IA","FREDERICKSBURG",92.198334,42.959299,1830,0.000659 
"01","36502","AL","ATMORE",87.487347,31.057245,15948,0.003947 
"29","64070","MO","LONE JACK",94.161453,38.891837,1918,0.000375 
"39","44147","OH","BROADVIEW HEIGHT",81.680879,41.32907,11951,0.001102 
"17","60150","IL","MALTA",88.868818,41.918332,1619,0.000142 
"54","26810","WV","LOST CITY",78.822684,38.895361,190,0.000106 
"06","93450","CA","SAN ARDO",120.861191,35.985685,1684,0.000057 
"35","88401","NM","TUCUMCARI",103.717935,35.168003,8634,0.005699 
"29","64741","MO","DEERFIELD",94.484845,37.82109,966,0.000189 
"12","34996","FL","STUART",80.216378,27.192857,7410,0.000573 
"06","94122","CA","SAN FRANCISCO",122.483647,37.759326,52318,0.001758 
"01","36456","AL","MC KENZIE",86.735615,31.54495,1222,0.000302 
"01","35226","AL","BLUFF PARK",86.831257,33.403675,23992,0.005938 
"28","38963","MS","TUTWILER",90.375341,33.98195,4627,0.001798 
"06","92365","CA","NEWBERRY SPRINGS",116.746373,34.885001,4296,0.000144 
"17","62332","IL","DETROIT",90.65449,39.618307,353,0.000031 
"47","38556","TN","JAMESTOWN",84.935721,36.424471,7728,0.001585 
"37","27942","NC","HARRELLSVILLE",76.776677,36.286586,1046,0.000158 
"37","27011","NC","BOONVILLE",80.63569,36.234012,262,0.00004 
"17","61364","IL","STREATOR",88.830672,41.12249,22239,0.001946 
"13","30457","GA","SOPERTON",82.587098,32.386861,5996,0.000926 
"31","68729","NE","CREIGHTON",97.89323,42.468053,1604,0.001016 
"01","35646","AL","LEIGHTON",87.522133,34.710982,3046,0.000754 
"20","66102","KS","KANSAS CITY",94.669337,39.113247,27909,0.011265 
"42","18966","PA","HOLLAND",75.005994,40.190212,38866,0.003271 
"48","79376","TX","TOKIO",102.576753,33.18259,30,2E-6 
"06","94518","CA","CONCORD",122.026296,37.950434,25516,0.000857 
"48","75503","TX","TEXARKANA",94.077374,33.466906,16443,0.000968 
"40","73666","OK","SWEETWATER",99.900619,35.448835,428,0.000136 
"37","28544","NC","MIDWAY PARK",77.320001,34.726994,6799,0.001026 
"37","28139","NC","RUTHERFORDTON",81.978107,35.37058,10091,0.001522 
"12","32508","FL","PENSACOLA",87.274945,30.351063,3688,0.000285 
"42","15239","PA","PLUM",79.734505,40.477693,20793,0.00175 
"37","28129","NC","OAKBORO",80.341272,35.245997,6336,0.000956 
"35","88045","NM","ROAD FORKS",108.754657,32.314032,4667,0.00308 
"01","36061","AL","PEROTE",85.74773,32.003459,1792,0.000443 
"54","24839","WV","HANOVER",81.813617,37.563029,1523,0.000849 
"50","05857","VT","NEWPORT CENTER",72.297412,44.944175,1367,0.002429 
"05","72623","AR","CLARKRIDGE",92.35159,36.443311,1031,0.000439 
"45","29831","SC","JACKSON",81.797628,33.338886,2810,0.000806 
"12","32087","FL","SANDERSON",82.337741,30.302536,2270,0.000175 
"08","80045","CO","AURORA",104.837954,39.748014,1715,0.000521 
"53","98042","WA","KENT",122.120615,47.368044,22576,0.004639 
"05","72321","AR","BURDETTE",89.942312,35.814769,329,0.00014 
"34","07421","NJ","HEWITT",74.368566,41.170867,6907,0.000894 
"56","82054","WY","CARPENTER",104.276514,41.042819,222,0.000489 
"37","28262","NC","CHARLOTTE",80.775958,35.272506,15114,0.00228 
"24","20906","MD","ASPEN HILL",77.063233,39.081041,52694,0.01102 
"38","58341","ND","MANFRED",99.932941,47.768121,2769,0.004335 
"48","76258","TX","PILOT POINT",96.944554,33.370983,4183,0.000246 
"41","97303","OR","KEIZER",123.019015,44.985794,35826,0.012604 
"18","46176","IN","SHELBYVILLE",85.787515,39.50434,24691,0.004454 
"26","48191","MI","WILLIS",83.568741,42.129249,2574,0.000277 
"48","75135","TX","CADDO MILLS",96.239093,33.068267,3148,0.000185 
"22","70450","LA","MOUNT HERMON",90.276886,30.953619,1577,0.000374 
"29","65649","MO","FAIR PLAY",93.606355,37.633496,1533,0.0003 
"05","72520","AR","CAMP",91.726166,36.402531,401,0.000171 
"47","37307","TN","BENTON",84.654433,35.172953,3164,0.000649 
"01","35750","AL","HAZEL GREEN",86.593484,34.949627,7751,0.001918 
"27","56273","MN","NEW LONDON",94.948008,45.294936,4077,0.000932 
"34","08346","NJ","NEWTONVILLE",74.859049,39.564477,682,0.000088 
"48","77478","TX","SUGAR LAND",95.621856,29.634153,36536,0.002151 
"17","62675","IL","ATTERBURY",89.847874,40.011529,5049,0.000442 
"16","83232","ID","DAYTON",111.985836,42.11836,659,0.000655 
"02","99625","AK","LEVELOCK",154.976815,59.371395,204,0.000371 
"17","61459","IL","MARIETTA",90.38846,40.497775,421,0.000037 
"17","60614","IL","CHICAGO",87.648295,41.92286,61350,0.005367 
"54","25617","WV","DAVIN",81.805706,37.726499,2388,0.001331 
"33","03051","NH","HUDSON",71.412144,42.769038,26489,0.02388 
"27","56170","MN","FLORENCE",96.079028,44.163836,737,0.000168 
"49","84624","UT","DELTA",112.531892,39.375534,5673,0.003293 
"48","76656","TX","LOTT",97.058143,31.192462,2005,0.000118 
"29","63960","MO","PUXICO",90.162258,36.942163,2085,0.000407 
"21","40422","KY","DANVILLE",84.774696,37.646524,19483,0.005287 
"13","31625","GA","BARNEY",83.521934,31.007424,895,0.000138 
"06","92014","CA","DEL MAR",117.237314,32.971474,19885,0.000668 
"27","55945","MN","THEILMAN",92.00839,44.305396,738,0.000169 
"55","54020","WI","OSCEOLA",92.697108,45.321757,2062,0.000422 
"06","90028","CA","LOS ANGELES",118.325363,34.100549,30152,0.001013 
"17","62618","IL","BEARDSTOWN",90.422851,40.004356,7369,0.000645 
"21","42366","KY","PHILPOT",86.937172,37.718317,6890,0.00187 
"20","66843","KS","CLEMENTS",96.775444,38.279757,200,0.000081 
"06","95833","CA","SACRAMENTO",121.494487,38.616993,29150,0.00098 
"31","68832","NE","DONIPHAN",98.37901,40.770031,1496,0.000948 
"48","79084","TX","STRATFORD",101.988568,36.33349,2858,0.000168 
"39","43314","OH","CALEDONIA",82.992465,40.627239,3120,0.000288 
"21","41833","KY","LINEFORK",82.919765,37.051399,860,0.000233 
"36","11021","NY","GREAT NECK",73.726984,40.786674,17198,0.000956 
"37","27377","NC","WHITSETT",79.597151,36.032981,2345,0.000354 
"39","45369","OH","SOUTH VIENNA",83.615704,39.94732,3814,0.000352 
"06","92705","CA","COWAN HEIGHTS",117.768902,33.74866,37045,0.001245 
"30","59247","MT","MEDICINE LAKE",104.437545,48.485179,629,0.000787 
"23","04987","ME","TROY",69.25488,44.675657,802,0.000653 
"21","41543","KY","MC ANDREWS",82.2558,37.544986,830,0.000225 
"39","44040","OH","GATES MILLS",81.415021,41.532368,2879,0.000265 
"12","33937","FL","MARCO ISLAND",81.720394,25.939568,9495,0.000734 
"31","68415","NE","ODELL",96.801924,40.045128,642,0.000407 
"18","47043","IN","VEVAY",85.085217,38.772423,3974,0.000717 
"36","13333","NY","EAST SPRINGFIELD",74.759741,42.832947,0,0 
"17","61931","IL","HUMBOLDT",88.314089,39.60118,856,0.000075 
"04","85208","AZ","MESA",111.651297,33.398416,22113,0.006033 
"42","15458","PA","LAMBERTON",79.859022,39.890185,4703,0.000396 
"27","55063","MN","BEROUN",92.982604,45.832273,6858,0.001568 
"20","66835","KS","AMERICUS",96.260753,38.509803,1491,0.000602 
"48","77612","TX","BUNA",93.991263,30.413209,9023,0.000531 
"13","31071","GA","PINEVIEW",83.515835,32.090728,1154,0.000178 
"06","90706","CA","BELLFLOWER",118.126527,33.886676,61650,0.002072 
"31","68379","NE","JULIAN",95.85046,40.486056,313,0.000198 
"04","85382","AZ","PEORIA",112.207177,33.63083,1738,0.000474 
"17","61370","IL","TONICA",89.088993,41.232741,1409,0.000123 
"38","58339","ND","HANSBORO",99.383259,48.86648,390,0.000611 
"42","16131","PA","HARTSTOWN",80.381321,41.550875,406,0.000034 
"17","60131","IL","FRANKLIN PARK",87.873423,41.933878,18572,0.001625 
"54","24819","WV","VALLSCREEK",81.69552,37.295548,4476,0.002496 
"36","12458","NY","NAPANOCH",74.380354,41.758965,3502,0.000195 
"13","31012","GA","CHESTER",83.174029,32.398152,1517,0.000234 
"26","49277","MI","RIVES JUNCTION",84.458868,42.38871,3676,0.000395 
"48","78946","TX","LEDBETTER",96.761276,30.238307,806,0.000047 
"36","14612","NY","ROCHESTER",77.665228,43.256576,35820,0.001991 
"36","10040","NY","NEW YORK",73.929601,40.858308,39780,0.002211 
"54","26101","WV","PARKERSBURG",81.535412,39.264433,35886,0.020009 
"48","76471","TX","RISING STAR",98.985852,32.127986,1810,0.000107 
"01","36031","AL","FORT DAVIS",85.700688,32.28945,891,0.000221 
"39","45806","OH","CRIDERSVILLE",84.144049,40.675926,12250,0.001129 
"38","58787","ND","TOLLEY",101.855891,48.796903,270,0.000423 
"47","37058","TN","DOVER",87.838333,36.507521,5972,0.001224 
"54","26386","WV","LUMBERPORT",80.367635,39.378108,2300,0.001282 
"36","12911","NY","AU SABLE CHASM",73.508976,44.521594,514,0.000029 
"18","47043","IN","VEVAY",85.085217,38.772423,3974,0.000717 
"06","91360","CA","THOUSAND OAKS",118.873908,34.209179,41654,0.0014 
"54","25213","WV","WINFIELD",81.889965,38.507178,3958,0.002207 
"48","77091","TX","HOUSTON",95.443521,29.853448,21341,0.001256 
"42","16023","PA","MARWOOD",79.770851,40.779723,3483,0.000293 
"48","79259","TX","TELL",100.396482,34.378164,70,4E-6 
"12","33073","FL","POMPANO BEACH",80.180966,26.299693,7091,0.000548 
"47","37690","TN","TELFORD",82.536935,36.245053,2662,0.000546 
"55","53718","WI","MADISON",89.407339,43.152143,63,0.000013 
"12","32810","FL","LOCKHART",81.425852,28.622183,23781,0.001838 
"18","46938","IN","JONESBORO",85.636496,40.481456,3989,0.000719 
"31","68069","NE","WATERLOO",96.306318,41.27024,1468,0.00093 
"51","24572","VA","MADISON HEIGHTS",79.114089,37.453102,15389,0.002487 
"36","11411","NY","CAMBRIA HEIGHTS",73.737445,40.694741,20094,0.001117 
"42","18976","PA","WARRINGTON",75.135392,40.246438,13862,0.001167 
"27","55425","MN","BLOOMINGTON",93.249413,44.843198,8501,0.001943 
"37","28215","NC","CHARLOTTE",80.738669,35.243962,27936,0.004214 
"42","18344","PA","MOUNT POCONO",75.352868,41.121558,2465,0.000207 
"29","65080","MO","TEBBETTS",91.967316,38.640193,413,0.000081 
"42","18462","PA","STARRUCCA",75.449001,41.890739,333,0.000028 
"17","60654","IL","CHICAGO",87.635292,41.888533,0,0 
"54","25813","WV","BEAVER",81.073104,37.751581,4868,0.002714 
"12","33167","FL","MIAMI",80.229168,25.885605,18840,0.001456 
"37","28358","NC","LUMBERTON",79.008309,34.629301,42871,0.006468 
"29","63637","MO","DOE RUN",90.496842,37.734818,1866,0.000365 
"04","85322","AZ","ARLINGTON",112.789058,33.313317,329,0.00009 
"39","43332","OH","LA RUE",83.373397,40.578879,2120,0.000195 
"45","29033","SC","CAYCE",81.067084,33.962567,12191,0.003496 
"48","79092","TX","VEGA",102.356572,35.373212,1738,0.000102 
"36","11752","NY","ISLIP TERRACE",73.182746,40.75482,9514,0.000529 
"18","46635","IN","SOUTH BEND",86.207806,41.716768,6989,0.001261 
"22","71461","LA","NEWLLANO",93.287899,31.069396,250,0.000059 
"29","64752","MO","STOTESBURY",94.561,38.059635,728,0.000142 
"25","01085","MA","MONTGOMERY",72.754318,42.129484,40117,0.006668 
"56","82620","WY","ALCOVA",106.610199,42.568383,10,0.000022 
"22","71467","LA","POLLOCK",92.400536,31.499966,4328,0.001026 
"53","99201","WA","SPOKANE",117.436527,47.666485,9599,0.001972 
"12","32548","FL","FORT WALTON BEAC",86.621479,30.415262,21791,0.001684 
"17","61025","IL","EAST DUBUQUE",90.604597,42.487488,4999,0.000437 
"36","13029","NY","BREWERTON",76.135132,43.225194,4823,0.000268 
"53","99179","WA","UNIONTOWN",117.090756,46.525818,433,0.000089 
"06","95540","CA","FORTUNA",124.140654,40.584931,10727,0.00036 
"44","02898","RI","RICHMOND",71.683973,41.523362,1508,0.001503 
"47","37921","TN","KARNS",83.982894,35.976297,26904,0.005516 
"51","24290","VA","WEBER CITY",82.545227,36.620213,2981,0.000482 
"17","62263","IL","NASHVILLE",89.384058,38.335208,4546,0.000398 
"12","32903","FL","INDIALANTIC",80.578718,28.109059,11020,0.000852 
"54","24928","WV","CLINTONVILLE",80.626192,37.906141,373,0.000208 
"51","23883","VA","SURRY",76.76514,37.126024,2271,0.000367 
"36","11213","NY","BROOKLYN",73.93665,40.669961,62607,0.00348 
"31","68336","NE","DAVEY",96.641379,41.002543,413,0.000262 
"13","31038","GA","ROUND OAK",83.687092,33.179994,811,0.000125 
"36","11694","NY","FAR ROCKAWAY",73.839192,40.579471,21972,0.001221 
"22","70438","LA","FRANKLINTON",90.115479,30.857735,16352,0.003875 
"23","04650","ME","LITTLE DEER ISLE",68.706663,44.285213,235,0.000191 
"45","29059","SC","HOLLY HILL",80.402393,33.327586,4959,0.001422 
"21","42088","KY","WINGO",88.739449,36.625282,2643,0.000717 
"29","64062","MO","LAWSON",94.196588,39.440129,4898,0.000957 
"36","12860","NY","POTTERSVILLE",73.756438,43.692956,252,0.000014 
"27","56527","MN","DEER CREEK",95.267265,46.411193,1431,0.000327 
"41","97759","OR","BLACK BUTTE RANC",121.524133,44.307329,3534,0.001243 
"27","56310","MN","AVON",94.436029,45.612168,4355,0.000995 
"18","47568","IN","PLAINVILLE",87.157822,38.791507,895,0.000161 
"48","75051","TX","GRAND PRAIRIE",97.006916,32.711471,52779,0.003107 
"13","31407","GA","PORT WENTWORTH",81.162891,32.148075,2883,0.000445 
"46","57541","SD","IDEAL",99.927949,43.559612,473,0.00068 
"18","47993","IN","MARSHFIELD",87.278689,40.309435,3591,0.000648 
"17","62253","IL","KEYESPORT",89.306323,38.738773,1464,0.000128 
"26","48838","MI","GREENVILLE",85.249705,43.17926,12208,0.001313 
"36","11791","NY","SYOSSET",73.502397,40.81462,24949,0.001387 
"41","97229","OR","PORTLAND",122.829924,45.541087,23490,0.008264 
"40","74555","OK","LANE",95.968515,34.269122,1001,0.000318 
"34","07630","NJ","EMERSON",74.028515,40.975459,6519,0.000843 
"40","74105","OK","TULSA",95.965544,36.094808,29466,0.009367 
"48","78235","TX","BROOKS A F B",98.439444,29.341733,885,0.000052 
"19","52047","IA","FARMERSBURG",91.338984,42.952205,638,0.00023 
"26","49040","MI","COLON",85.330588,41.957605,2800,0.000301 
"54","26137","WV","NOBE",81.069813,38.996306,371,0.000207 
"37","27853","NC","MARGARETTSVILLE",77.325997,36.524494,289,0.000044 
"01","35586","AL","SULLIGENT",88.150774,33.8549,4489,0.001111 
"12","33193","FL","MIAMI",80.440087,25.696365,17432,0.001347 
"50","05070","VT","SOUTH STRAFFORD",72.369959,43.828238,331,0.000588 
"06","94533","CA","FAIRFIELD",122.03565,38.267084,65455,0.002199 
"51","24563","VA","HURT",79.299995,37.079787,5283,0.000854 
"13","30822","GA","PERKINS",81.869573,32.905747,549,0.000085 
"36","14472","NY","HONEOYE FALLS",77.57812,42.969499,6768,0.000376 
"51","23102","VA","DABNEYS",77.871032,37.703193,2927,0.000473 
"21","41855","KY","THORNTON",82.7382,37.129622,635,0.000172 
"48","78072","TX","TILDEN",98.569322,28.419755,575,0.000034 
"21","40914","KY","BIG CREEK",83.633095,37.14168,3877,0.001052 
"18","47555","IN","MAGNET",86.48353,38.088165,240,0.000043 
"40","74941","OK","KEOTA",94.902822,35.264541,1878,0.000597 
"24","20901","MD","SILVER SPRING",77.007613,39.019106,33858,0.007081 
"34","07647","NJ","ROCKLEIGH",73.952375,41.011196,4833,0.000625 
"47","38374","TN","SCOTTS HILL",88.240476,35.504992,1657,0.00034 
"06","93235","CA","IVANHOE",119.218884,36.385622,3326,0.000112 
"31","69144","NE","KEYSTONE",101.628218,41.262129,247,0.000156 
"36","10960","NY","NYACK",73.925226,41.091351,14542,0.000808 
"51","24273","VA","NORTON",82.624923,36.937797,4145,0.00067 
"19","52773","IA","WALCOTT",90.725603,41.645309,705,0.000254 
"20","67673","KS","WALDO",98.778516,39.087715,128,0.000052 
"29","63431","MO","ANABEL",92.351142,39.736793,289,0.000056 
"28","39202","MS","JACKSON",90.178194,32.314883,10979,0.004267 
"34","07724","NJ","EATONTOWN",74.06978,40.302815,23682,0.003064 
"36","14522","NY","PALMYRA",77.221798,43.062192,9486,0.000527 
"01","35582","AL","RED BAY",88.112914,34.451259,5159,0.001277 
"26","49444","MI","MUSKEGON HEIGHTS",86.216208,43.195046,29295,0.003152 
"55","54489","WI","VESPER",89.982553,44.467656,1616,0.00033 
"31","69350","NE","HYANNIS",101.748296,42.006967,430,0.000272 
"25","02330","MA","CARVER",70.767754,41.888265,10573,0.001757 
"17","62298","IL","WATERLOO",90.147773,38.322273,8482,0.000742 
"19","52048","IA","GARBER",91.259275,42.74528,191,0.000069 
"27","55975","MN","SPRING VALLEY",92.367985,43.682288,4506,0.00103 
"23","04289","ME","WEST PARIS",70.573167,44.32527,2149,0.00175 
"19","52330","IA","RYAN",91.484838,42.343643,1201,0.000433 
"41","97857","OR","LOSTINE",117.435909,45.493861,456,0.00016 
"09","06473","CT","NORTH HAVEN",72.85852,41.382156,22481,0.006839 
"12","34221","FL","PALMETTO",82.562957,27.542946,23994,0.001855 
"39","45696","OH","WILLOW WOOD",82.453,38.593976,665,0.000061 
"51","22601","VA","WINCHESTER",78.182697,39.185803,45537,0.00736 
"40","73150","OK","OKLAHOMA CITY",97.33308,35.41231,4512,0.001434 
"26","49241","MI","HANOVER",84.584809,42.102521,2809,0.000302 
"37","27926","NC","CORAPEAKE",76.597852,36.517946,1377,0.000208 
"51","22069","VA","HAYMARKET",77.647485,38.876234,5103,0.000825 
"36","14068","NY","GETZVILLE",78.753184,43.023989,5685,0.000316 
"47","37075","TN","HENDERSONVILLE",86.607157,36.305425,38730,0.007941 
"54","25529","WV","JULIAN",81.864185,38.126437,670,0.000374 
"17","61524","IL","DUNFERMLINE",90.031349,40.490342,319,0.000028 
"26","49022","MI","BENTON HARBOR",86.423417,42.108594,37550,0.00404 
"19","50235","IA","RIPPEY",94.213202,41.92574,563,0.000203 
"36","10314","NY","STATEN ISLAND",74.147218,40.603915,78118,0.004342 
"41","97882","OR","MCNARY",119.313715,45.915725,4009,0.00141 
"17","62413","IL","ANNAPOLIS",87.802875,39.117857,692,0.000061 
"42","16827","PA","BOALSBURG",77.782236,40.779344,3787,0.000319 
"48","78941","TX","FLATONIA",97.098685,29.709493,2934,0.000173 
"17","60970","IL","WATSEKA",87.730932,40.773351,7072,0.000619 
"48","77708","TX","BEAUMONT",94.160357,30.139957,10782,0.000635 
"26","49464","MI","ZEELAND",86.010408,42.825586,15649,0.001684 
"34","08343","NJ","MONROEVILLE",75.156848,39.644224,5068,0.000656 
"18","47446","IN","MITCHELL",86.476096,38.742625,9516,0.001716 
"55","53205","WI","MILWAUKEE",87.935332,43.052841,14708,0.003007 
"42","15686","PA","SPRING CHURCH",79.454487,40.615329,1291,0.000109 
"36","13501","NY","UTICA",75.231463,43.087112,40223,0.002236 
"31","68424","NE","PLYMOUTH",97.001169,40.303896,872,0.000552 
"36","13437","NY","REDFIELD",75.82423,43.565794,482,0.000027 
"26","49858","MI","MENOMINEE",87.621475,45.13427,13149,0.001415 
"48","76111","TX","FORT WORTH",97.300327,32.782382,17740,0.001044 
"06","96006","CA","ADIN",120.943193,41.21751,355,0.000012 
"54","25251","WV","LEFT HAND",81.246675,38.606288,397,0.000221 
"30","59061","MT","NYE",109.827137,45.441022,236,0.000295 
"02","99762","AK","GOLOVIN",165.310667,64.505775,3706,0.006738 
"19","52203","IA","AMANA",91.88545,41.831284,450,0.000162 
"17","62860","IL","MACEDONIA",88.696077,38.013023,1505,0.000132 
"13","30120","GA","CARTERSVILLE",84.820401,34.186975,33846,0.005225 
"36","12064","NY","EAST WORCESTER",74.676348,42.621423,322,0.000018 
"34","07423","NJ","HO HO KUS",74.102532,41.000412,3967,0.000513 
"39","44663","OH","NEW PHILADELPHIA",81.435827,40.484539,24640,0.002272 
"21","42053","KY","KEVIL",88.876366,37.087231,5019,0.001362 
"36","10514","NY","CHAPPAQUA",73.771458,41.170497,11097,0.000617 
"37","28627","NC","GLADE VALLEY",81.016782,36.442889,1115,0.000168 
"19","50029","IA","BAYARD",94.591533,41.838599,971,0.00035 
"26","48094","MI","WASHINGTON",83.026805,42.726202,10975,0.001181 
"17","62644","IL","ECKARD",90.04952,40.295995,5593,0.000489 
"54","24920","WV","BARTOW",79.795242,38.551266,748,0.000417 
"26","48065","MI","BRUCE",83.019204,42.803513,13552,0.001458 
"50","05086","VT","WEST TOPSHAM",72.270051,44.119925,1050,0.001866 
"44","02865","RI","LINCOLN",71.434777,41.908906,14765,0.014714 
"33","03835","NH","FARMINGTON",71.064693,43.388373,4676,0.004215 
"26","49614","MI","BEAR LAKE",86.142497,44.431125,1965,0.000211 
"06","90004","CA","LOS ANGELES",118.302863,34.076163,64062,0.002153 
"29","65350","MO","SMITHTON",93.108072,38.649973,1669,0.000326 
"21","41220","KY","FUGET",82.911422,37.902164,285,0.000077 
"13","30730","GA","LYERLY",85.403826,34.402958,2585,0.000399 
"29","64674","MO","PURDIN",93.17002,39.952948,297,0.000058 
"06","92267","CA","PARKER DAM",114.155969,34.297977,141,5E-6 
"16","83323","ID","DECLO",113.644794,42.524005,2592,0.002575 
"19","52320","IA","OLIN",91.140926,41.995423,1427,0.000514 
"18","47357","IN","MILTON",85.142267,39.776279,1488,0.000268 
"32","89704","NV","CARSON CITY",119.828624,39.089756,82,0.000068 
"19","50033","IA","BEVINGTON",93.812865,41.371763,273,0.000098 
"31","68405","NE","MILFORD",97.05763,40.763153,3258,0.002064 
"17","62425","IL","DUNDAS",88.097309,38.830572,437,0.000038 
"12","34946","FL","FORT PIERCE",80.35996,27.50077,10873,0.00084 
"55","53549","WI","JEFFERSON",88.807765,43.000557,8540,0.001746 
"20","67464","KS","MARQUETTE",97.838079,38.556028,760,0.000307 
"33","03825","NH","BARRINGTON",71.037675,43.2027,5842,0.005267 
"26","49738","MI","GRAYLING",84.691321,44.670959,7591,0.000817 
"01","36750","AL","MAPLESVILLE",86.871704,32.804507,1995,0.000494 
"45","29053","SC","GASTON",81.117395,33.833712,7863,0.002255 
"04","85715","AZ","TUCSON",110.834837,32.269213,33197,0.009057 
"09","06409","CT","CENTERBROOK",72.41731,41.34743,483,0.000147 
"48","77056","TX","HOUSTON",95.468282,29.744584,13544,0.000797 
"40","74035","OK","HOMINY",96.387848,36.411068,3410,0.001084 
"06","92587","CA","CANYON LAKE",117.252653,33.688756,12522,0.000421 
"38","58316","ND","BELCOURT",99.768754,48.837862,5415,0.008477 
"01","35406","AL","TUSCALOOSA",87.536035,33.272174,12578,0.003113 
"20","67663","KS","PLAINVILLE",99.300827,39.230823,2499,0.001009 
"53","98101","WA","SEATTLE",122.330456,47.611435,5801,0.001192 
"39","43456","OH","PUT IN BAY",82.822593,41.651356,518,0.000048 
"47","37620","TN","BRISTOL",82.181864,36.568643,36852,0.007556 
"48","75201","TX","DALLAS",96.80439,32.790439,1505,0.000089 
"18","46809","IN","FORT WAYNE",85.1834,41.02543,9804,0.001768 
"08","81123","CO","BLANCA",105.517784,37.431702,429,0.00013 
"26","49410","MI","FOUNTAIN",86.216861,44.036342,1030,0.000111 
"06","94590","CA","VALLEJO",122.247367,38.105302,35516,0.001193 
"13","30710","GA","COHUTTA",84.945801,34.932635,5052,0.00078 
"17","60089","IL","BUFFALO GROVE",87.964364,42.159843,41478,0.003629 
"48","76123","TX","FORT WORTH",97.365838,32.625361,5314,0.000313 
"48","79086","TX","SUNRAY",101.812334,36.009707,1963,0.000116 
"33","03602","NH","ALSTEAD",72.328052,43.126484,1721,0.001551 
"27","55725","MN","CRANE LAKE",92.489596,48.259387,74,0.000017 
"41","97352","OR","JEFFERSON",123.00596,44.749452,5829,0.002051 
"26","49677","MI","REED CITY",85.513028,43.886808,5056,0.000544 
"30","59733","MT","GOLD CREEK",112.97057,46.590025,66,0.000083 
"19","50668","IA","READLYN",92.215432,42.692869,1858,0.000669 
"17","62666","IL","MIDDLETOWN",89.58182,40.096668,586,0.000051 
"49","84054","UT","NORTH SALT LAKE",111.904116,40.844064,7216,0.004188 
"51","23301","VA","ACCOMAC",75.680272,37.71588,2562,0.000414 
"42","16701","PA","BRADFORD",78.653967,41.954678,18738,0.001577 
"37","28422","NC","BOLIVIA",78.16814,34.025962,3392,0.000512 
"21","41560","KY","ROBINSON CREEK",82.567679,37.334708,6715,0.001822 
"48","75058","TX","GUNTER",96.734103,33.449513,1410,0.000083 
"46","57653","SD","SHADEHILL",102.189131,45.669855,49,0.00007 
"17","62467","IL","TEUTOPOLIS",88.476741,39.131978,3095,0.000271 
"40","74872","OK","STRATFORD",96.976277,34.771412,2773,0.000882 
"49","84080","UT","VERNON",112.425961,40.082609,200,0.000116 
"21","40769","KY","PLEASANT VIEW",84.143592,36.735535,20235,0.005491 
"39","45152","OH","MORROW",84.118085,39.347619,5498,0.000507 
"26","49447","MI","NEW RICHMOND",86.037985,42.662383,438,0.000047 
"36","12498","NY","WOODSTOCK",74.111974,42.034793,4827,0.000268 
"06","91367","CA","WOODLAND HILLS",118.615891,34.176689,34253,0.001151 
"06","92139","CA","SAN DIEGO",117.047375,32.680612,35577,0.001195 
"06","95910","CA","ALLEGHANY",120.727176,39.512698,0,0 
"19","52057","IA","MANCHESTER",91.449001,42.483418,7823,0.002817 
"37","28103","NC","MARSHVILLE",80.378113,35.016684,7900,0.001192 
"18","47228","IN","CORTLAND",86.000918,38.991546,1680,0.000303 
"42","17844","PA","MIFFLINBURG",77.050515,40.921826,8379,0.000705 
"24","21767","MD","MAUGANSVILLE",77.749915,39.6996,598,0.000125 
"48","79042","TX","HAPPY",101.825632,34.721899,839,0.000049 
"26","49461","MI","WHITEHALL",86.331453,43.390358,6925,0.000745 
"49","84734","UT","HANKSVILLE",110.813744,38.252051,373,0.000217 
"29","65360","MO","WINDSOR",93.526864,38.52719,3453,0.000675 
"27","56444","MN","DEERWOOD",93.884863,46.444571,2225,0.000509 
"46","57314","SD","FORESTBURG",97.953958,44.035362,640,0.00092 
"51","24281","VA","ROSE HILL",83.348565,36.658257,2404,0.000389 
"47","37615","TN","GRAY",82.447128,36.41006,12119,0.002485 
"33","03605","NH","EAST LEMPSTER",72.166205,43.21863,323,0.000291 
"06","95014","CA","MONTE VISTA",122.038604,37.317363,47598,0.001599 
"23","04611","ME","BEALS",67.605554,44.512967,667,0.000543 
"22","70653","LA","FIELDS",93.530734,30.770145,3273,0.000776 
"20","66779","KS","UNIONTOWN",94.981366,37.811681,825,0.000333 
"30","59441","MT","FORESTGROVE",109.023294,46.913727,143,0.000179 
"47","37616","TN","AFTON",82.746667,36.204166,3469,0.000711 
"28","39096","MS","LORMAN",91.095691,31.838257,668,0.00026 
"17","61524","IL","DUNFERMLINE",90.031349,40.490342,319,0.000028 
"31","69201","NE","VALENTINE",100.621542,42.806166,4504,0.002854 
"42","17059","PA","MIFFLINTOWN",77.376119,40.572666,5646,0.000475 
"27","56022","MN","DARFUR",94.813416,44.061034,331,0.000076 
"54","26680","WV","RUSSELVILLE",80.885777,38.10829,99,0.000055 
"06","92131","CA","SAN DIEGO",117.089758,32.912343,16649,0.000559 
"02","99590","AK","GRAYLING",159.404907,63.372013,0,0 
"26","49821","MI","DAGGETT",87.607858,45.488738,1184,0.000127 
"29","65240","MO","CENTRALIA",92.147244,39.196089,5171,0.001011 
"55","53531","WI","DEERFIELD",89.086199,43.057106,2668,0.000545 
"39","43571","OH","WHITEHOUSE",83.81151,41.519432,5199,0.000479 
"54","25623","WV","HAMPDEN",81.947014,37.639691,1352,0.000754 
"21","42261","KY","LOGANSPORT",86.703726,37.19102,5488,0.001489 
"35","88253","NM","LAKE ARTHUR",104.406412,33.017106,740,0.000488 
"18","47345","IN","GREENS FORK",85.049413,39.89163,1054,0.00019 
"53","98546","WA","GRAPEVIEW",122.949742,47.305783,3234,0.000665 
"48","77904","TX","VICTORIA",96.998993,28.867482,18982,0.001117 
"01","35481","AL","REFORM",88.020277,33.395945,4062,0.001005 
"36","12531","NY","HOLMES",73.662751,41.532461,3248,0.000181 
"12","32404","FL","PANAMA CITY",85.576264,30.165291,30101,0.002327 
"48","78235","TX","BROOKS A F B",98.439444,29.341733,885,0.000052 
"35","87565","NM","SAN JOSE",105.438341,35.456949,844,0.000557 
"22","70083","LA","PORT SULPHUR",89.68475,29.470011,6398,0.001516 
"21","41137","KY","FIREBRICK",83.043203,38.687785,279,0.000076 
"46","57545","SD","KEYAPAHA",100.163958,43.073497,48,0.000069 
"26","48141","MI","INKSTER",83.31463,42.294041,30772,0.00331 
"27","56725","MN","GOODRIDGE",95.728344,48.068586,923,0.000211 
"46","57769","SD","PIEDMONT",103.368818,44.228744,1337,0.001921 
"25","01266","MA","WEST STOCKBRIDGE",73.38251,42.334752,1173,0.000195 
"08","80026","CO","LAFAYETTE",105.096346,39.997964,17111,0.005194 
"55","54025","WI","SOMERSET",92.686466,45.133064,2937,0.0006 
"22","70084","LA","RESERVE",90.551773,30.060255,7080,0.001678 
"49","84734","UT","HANKSVILLE",110.813744,38.252051,373,0.000217 
"13","32350","GA","PINETTA",83.310491,30.634794,0,0 
"18","46971","IN","GRISSOM AIR FORC",86.147292,40.663546,4364,0.000787 
"06","93042","CA","POINT MUGU NAWC",119.09931,34.123432,1707,0.000057 
"36","13606","NY","ADAMS CENTER",76.00415,43.863106,2649,0.000147 
"48","79763","TX","ODESSA",102.416179,31.834085,30550,0.001798 
"29","63931","MO","BRIAR",90.92777,36.639115,617,0.000121 
"48","76682","TX","RIESEL",96.94764,31.500247,2488,0.000146 
"18","47116","IN","ECKERTY",86.605939,38.318548,971,0.000175 
"19","52619","IA","ARGYLE",91.563896,40.565658,1899,0.000684 
"18","47959","IN","MONON",86.863537,40.861176,3119,0.000563 
"17","61820","IL","CHAMPAIGN",88.240747,40.111017,33409,0.002923 
"17","62664","IL","LUTHER",89.699256,40.199938,2968,0.00026 
"41","97833","OR","HAINES",117.97556,44.877622,1642,0.000578 
"26","49098","MI","WATERVLIET",86.26037,42.193804,4793,0.000516 
"36","12412","NY","BOICEVILLE",74.265808,42.004761,556,0.000031 
"36","12916","NY","BRUSHTON",74.522274,44.828212,1936,0.000108 
"39","44837","OH","GREENWICH",82.51334,41.04068,3054,0.000282 
"20","67671","KS","VICTORIA",99.139057,38.858932,1877,0.000758 
"04","85207","AZ","MESA",111.64256,33.432073,12547,0.003423 
"53","98533","WA","CINEBAR",122.566005,46.567131,796,0.000164 
"34","07920","NJ","BASKING RIDGE",74.560463,40.678937,17810,0.002304 
"17","60423","IL","FRANKFORT",87.824774,41.509361,15682,0.001372 
"31","68736","NE","FORDYCE",97.356665,42.730889,1059,0.000671 
"20","67422","KS","BENNINGTON",97.603121,39.02239,844,0.000341 
"27","56183","MN","WESTBROOK",95.423208,44.065381,1362,0.000311 
"21","42344","KY","GRAHAM",87.257849,37.225836,2837,0.00077 
"36","10511","NY","BUCHANAN",73.941238,41.258285,2008,0.000112 
"17","62682","IL","ALLEN",89.625029,40.294466,669,0.000059 
"27","55051","MN","MORA",93.294234,45.895786,10652,0.002435 
"48","76537","TX","JARRELL",97.600833,30.748406,3430,0.000202 
"41","97116","OR","GLENWOOD",123.115152,45.532835,17626,0.006201 
"13","30209","GA","STARRSVILLE",83.890752,33.570328,35231,0.005438 
"06","90603","CA","WHITTIER",117.992685,33.943199,18063,0.000607 
"19","52346","IA","VAN HORNE",92.104617,42.019394,1215,0.000438 
"18","46219","IN","INDIANAPOLIS",86.049533,39.782092,38198,0.00689 
"30","59341","MT","MILDRED",104.7891,46.751671,83,0.000104 
"26","49009","MI","KALAMAZOO",85.686333,42.280947,22218,0.00239 
"05","72039","AR","TWIN GROVES",92.432952,35.291042,1605,0.000683 
"19","51247","IA","ROCK VALLEY",96.310342,43.201356,4100,0.001477 
"48","76941","TX","MERTZON",100.822101,31.282884,1451,0.000085 
"19","52249","IA","KEYSTONE",92.217944,42.015636,1110,0.0004 
"42","15212","PA","ALLEGHENY",80.013128,40.468873,35280,0.002969 
"18","46050","IN","KIRKLIN",86.332372,40.203066,2038,0.000368 
"30","59479","MT","STANFORD",110.196111,47.14886,966,0.001209 
"26","49920","MI","CRYSTAL FALLS",88.350517,46.109255,4804,0.000517 
"48","75180","TX","BALCH SPRINGS",96.615278,32.720216,18848,0.00111 
"31","69134","NE","ELSIE",101.369994,40.859647,448,0.000284 
"06","92804","CA","ANAHEIM",117.974985,33.81908,63622,0.002138 
"29","65047","MO","KAISER",92.579869,38.163673,1213,0.000237 
"28","39401","MS","HATTIESBURG",89.306471,31.314553,41866,0.01627 
"48","78011","TX","CHARLOTTE",98.707001,28.864871,1990,0.000117 
"51","22922","VA","TYE RIVER",78.918473,37.687713,1439,0.000233 
"48","76140","TX","EVERMAN",97.270406,32.631332,17658,0.00104 
"33","03440","NH","ANTRIM",71.938698,43.059547,3379,0.003046 
"27","56570","MN","OSAGE",95.235284,46.932896,626,0.000143 
"12","34972","FL","BASINGER",80.847853,27.311532,14955,0.001156 
"39","44140","OH","BAY VILLAGE",81.928868,41.484137,17000,0.001567 
"29","63141","MO","CREVE COEUR",90.457072,38.661741,20120,0.003932 
"24","21206","MD","BALTIMORE",76.541135,39.336494,52114,0.010899 
"28","39364","MS","TOOMSUBA",88.489225,32.429583,1346,0.000523 
"48","76865","TX","NORTON",100.131515,31.879498,244,0.000014 
"42","15829","PA","CORSICA",79.175567,41.182983,1070,0.00009 
"04","85920","AZ","ALPINE",109.12829,33.827878,243,0.000066 
"30","59419","MT","BYNUM",112.276177,47.990017,130,0.000163 
"17","62863","IL","MOUNT CARMEL",87.791107,38.414727,11493,0.001005 
"55","53507","WI","BARNEVELD",89.904229,43.015797,1301,0.000266 
"38","58038","ND","GRANDIN",97.020676,47.215769,365,0.000571 
"49","84751","UT","MILFORD",112.993377,38.331071,2089,0.001213 
"28","39209","MS","JACKSON",90.244626,32.318422,34407,0.013371 
"17","61318","IL","COMPTON",89.087708,41.684976,551,0.000048 
"39","43445","OH","BONO",83.345536,41.596249,3895,0.000359 
"42","19119","PA","PHILADELPHIA",75.186564,40.054681,29935,0.002519 
"39","44841","OH","KANSAS",83.329829,41.212543,893,0.000082 
"54","26257","WV","COALTON",79.976724,38.91438,1422,0.000793 
"26","49319","MI","CEDAR SPRINGS",85.545238,43.22148,9743,0.001048 
"28","38740","MS","DUNCAN",90.765191,34.046966,885,0.000344 
"39","43554","OH","PIONEER",84.536324,41.665619,2350,0.000217 
"12","33330","FL","DAVIE",80.312907,26.055479,9371,0.000724 
"23","04487","ME","SPRINGFIELD",68.110756,45.42638,985,0.000802 
"55","54436","WI","GRANTON",90.448383,44.560558,2072,0.000424 
"48","76383","TX","VERA",99.759098,33.615469,481,0.000028 
"17","62239","IL","DUPO",90.194188,38.514771,5663,0.000495 
"35","87820","NM","ARAGON",108.546589,33.88592,149,0.000098 
"08","81123","CO","BLANCA",105.517784,37.431702,429,0.00013 
"55","54446","WI","LOYAL",90.492238,44.727243,3809,0.000779 
"51","22123","VA","NOKESVILLE",77.534249,38.685015,6729,0.001088 
"36","12020","NY","BALLSTON SPA",73.84858,43.004956,25126,0.001397 
"54","26722","WV","GREEN SPRING",78.627191,39.502931,739,0.000412 
"36","14604","NY","ROCHESTER",77.607978,43.157729,1434,0.00008 
"42","17857","PA","NORTHUMBERLAND",76.790794,40.904355,7326,0.000617 
"42","19565","PA","WERNERSVILLE",76.09014,40.329289,5056,0.000426 
"41","97820","OR","CANYON CITY",118.950155,44.410005,2806,0.000987 
"19","52530","IA","AGENCY",92.316231,40.995693,1233,0.000444 
"42","15739","PA","ERNEST",79.096937,40.704255,3841,0.000323 
"05","72449","AR","O KEAN",90.824069,36.179672,420,0.000179 
"23","04578","ME","WISCASSET",69.682576,44.007444,5928,0.004828 
"48","78257","TX","SAN ANTONIO",98.613701,29.64953,1360,0.00008 
"37","28262","NC","CHARLOTTE",80.775958,35.272506,15114,0.00228 
"36","13804","NY","MASONVILLE",75.215485,42.262346,15,1E-6 
"37","28453","NC","MAGNOLIA",78.043213,34.895702,2056,0.00031 
"40","74354","OK","MIAMI",94.87186,36.876377,16679,0.005302 
"19","52772","IA","TIPTON",91.136163,41.756276,5751,0.002071 
"19","52209","IA","BLAIRSTOWN",92.082861,41.906338,672,0.000242 
"29","65011","MO","BARNETT",92.668594,38.396696,660,0.000129 
"48","78053","TX","MC COY",98.371565,28.792661,34,2E-6 
"51","23421","VA","PARKSLEY",75.638634,37.774404,3466,0.00056 
"54","24983","WV","UNION",80.524767,37.580175,1737,0.000969 
"42","17325","PA","GETTYSBURG",77.222313,39.832044,23574,0.001984 
"35","88336","NM","HONDO",105.388854,33.462518,160,0.000106 
"19","52041","IA","EARLVILLE",91.259658,42.500101,1566,0.000564 
"54","26818","WV","FISHER",78.988756,39.04796,1,1E-6 
"01","35542","AL","BANKSTON",87.68965,33.70083,651,0.000161 
"01","36695","AL","MOBILE",88.229245,30.647431,21467,0.005313 
"20","66083","KS","SPRING HILL",94.824593,38.763088,4024,0.001624 
"47","38460","TN","GOODSPRING",87.127788,35.116709,889,0.000182 
"01","36442","AL","FLORALA",86.338528,31.017194,3421,0.000847 
"20","66091","KS","WELDA",95.309606,38.168615,286,0.000115 
"44","02831","RI","HOPE",71.561225,41.751603,3653,0.00364 
"20","67550","KS","RADIUM",99.112382,38.179643,6572,0.002653 
"21","41465","KY","BETHANNA",83.055443,37.763499,8442,0.002291 
"54","26437","WV","SMITHFIELD",80.558245,39.5134,775,0.000432 
"21","40222","KY","LYNDON",85.611183,38.263825,19924,0.005406 
"35","87943","NM","WINSTON",107.667456,33.306089,97,0.000064 
"51","24380","VA","WILLIS",80.490861,36.874927,2769,0.000448 
"29","63848","MO","GIDEON",89.913546,36.45378,1599,0.000312 
"06","95050","CA","SANTA CLARA",121.954079,37.34732,33310,0.001119 
"31","68810","NE","ALDA",98.455135,40.856923,872,0.000552 
"48","77084","TX","HOUSTON",95.662329,29.844022,45204,0.002661 
"56","82063","WY","JELM",105.925727,41.145723,470,0.001036 
"19","50275","IA","WOODBURN",93.608282,41.00001,677,0.000244 
"37","28732","NC","FLETCHER",82.496559,35.44989,7201,0.001086 
"54","26639","WV","STRANGE CREEK",80.903077,38.573823,206,0.000115 
"06","92054","CA","OCEANSIDE",117.357294,33.20723,61760,0.002075 
"12","32148","FL","INTERLACHEN",81.889432,29.627001,15416,0.001192 
"06","92102","CA","SAN DIEGO",117.121858,32.713893,45265,0.001521 
"42","19508","PA","BIRDSBORO",75.834373,40.256304,15266,0.001285 
"48","79241","TX","LOCKNEY",101.425934,34.145827,3422,0.000201 
"42","19007","PA","TULLYTOWN",74.860718,40.109174,22334,0.00188 
"29","64158","MO","KANSAS CITY",94.472036,39.228428,158,0.000031 
"42","19152","PA","PHILADELPHIA",75.047079,40.060571,31225,0.002628 
"19","51450","IA","LAKE VIEW",95.048562,42.315367,1792,0.000645 
"38","58270","ND","PARK RIVER",97.743897,48.403881,2139,0.003348 
"22","70514","LA","BALDWIN",91.545783,29.848784,4601,0.00109 
"26","48189","MI","WHITMORE LAKE",83.78282,42.428904,11639,0.001252 
"13","31622","GA","ALAPAHA",83.21321,31.394027,1675,0.000259 
"37","27826","NC","FAIRFIELD",76.231768,35.565873,585,0.000088 
"19","50469","IA","ROCKWELL",93.216737,43.003167,2009,0.000724 
"12","33069","FL","POMPANO BEACH",80.163486,26.228817,20158,0.001558 
"25","02563","MA","SANDWICH",70.469325,41.698304,9007,0.001497 
"30","59012","MT","BIRNEY",106.509496,45.286204,138,0.000173 
"20","66214","KS","LENEXA",94.713265,38.959929,12365,0.004991 
"13","31314","GA","FORT STEWART",81.440489,31.979085,0,0 
"24","21650","MD","MASSEY",75.821483,39.312569,112,0.000023 
"26","49067","MI","MARCELLUS",85.798776,42.027461,3481,0.000374 
"55","54161","WI","POUND",88.139621,45.127317,2084,0.000426 
"46","57568","SD","PRESHO",100.074645,43.899538,897,0.001289 
"55","54014","WI","HAGER CITY",92.550146,44.626969,2075,0.000424 
"23","04040","ME","HARRISON",70.653855,44.107099,2274,0.001852 
"29","64165","MO","KANSAS CITY",94.572966,39.340054,320,0.000063 
"12","32707","FL","CASSELBERRY",81.312215,28.661671,30933,0.002391 
"27","56238","MN","EVAN",94.816956,44.351114,222,0.000051 
"36","14139","NY","SOUTH WALES",78.545219,42.706271,2269,0.000126 
"51","23523","VA","NORFOLK",76.270125,36.82942,8682,0.001403 
"31","68329","NE","COOK",96.15262,40.498628,592,0.000375 
"12","33314","FL","DAVIE",80.225034,26.068199,19621,0.001517 
"19","52333","IA","SOLON",91.508609,41.809913,2894,0.001042 
"29","65438","MO","BIRCH TREE",91.50082,36.947589,2586,0.000505 
"42","19078","PA","RIDLEY PARK",75.321517,39.878411,12624,0.001062 
"42","16353","PA","TIONESTA",79.366332,41.511616,2293,0.000193 
"16","83346","ID","OAKLEY",113.906945,42.347561,2056,0.002042 
"13","31740","GA","CUTHBERT",84.788874,31.769073,5708,0.000881 
"41","97267","OR","OAK GROVE",122.610631,45.407494,29597,0.010413 
"22","71112","LA","BOSSIER CITY",93.676723,32.486025,25299,0.005995 
"37","28741","NC","HIGHLANDS",83.216044,35.070546,2685,0.000405 
"20","67870","KS","SATANTA",100.96908,37.440916,1881,0.000759 
"20","67630","KS","CODELL",99.159186,39.206652,160,0.000065 
"42","15545","PA","HYNDMAN",78.733512,39.804857,2732,0.00023 
"26","48759","MI","SEBEWAING",83.436622,43.728888,3203,0.000345 
"06","96003","CA","REDDING",122.352962,40.627751,30889,0.001038 
"38","58566","ND","SAINT ANTHONY",100.897237,46.588831,238,0.000373 
"22","71462","LA","NOBLE",93.716679,31.693849,841,0.000199 
"17","60518","IL","EARLVILLE",88.910346,41.585901,2305,0.000202 
"06","95329","CA","LA GRANGE",120.358131,37.678915,1305,0.000044 
"17","60552","IL","SOMONAUK",88.681645,41.638289,1475,0.000129 
"53","98102","WA","SEATTLE",122.320993,47.63025,19000,0.003904 
"36","11755","NY","LAKE GROVE",73.116751,40.856681,8245,0.000458 
"19","51050","IA","REMSEN",95.954378,42.8149,2254,0.000812 
"06","93433","CA","GROVER BEACH",120.617348,35.120969,11790,0.000396 
"17","62951","IL","JOHNSTON CITY",88.920858,37.824477,5424,0.000475 